variable,test,contrast,n_pairs,b_discordant,c_discordant,prop_y5,prop_y6,statistic,df,p_value
PrgSrvc_Amt_Num,McNemar,decrease (vs not),758,102,36,0.0936675461741425,0.180738786279683,30.6159420289855,1,3.14498961241238e-08
PrgSrvc_Amt_Num,McNemar,increase (vs not),758,89,135,0.341688654353562,0.281002638522427,9.04017857142857,1,0.00264109839780011
PrgSrvc_Amt_Num,Stuart-Maxwell,3-cat marginal homogeneity,753,,,,,34.7385330948122,2,2.86169525733469e-08
PrgSrvc_Amt_Srvc,McNemar,decrease (vs not),779,112,43,0.114249037227214,0.202824133504493,29.8322580645161,1,4.71088152870865e-08
PrgSrvc_Amt_Srvc,McNemar,increase (vs not),779,122,151,0.525032092426187,0.487804878048781,2.87179487179487,1,0.0901442862263489
PrgSrvc_Amt_Srvc,Stuart-Maxwell,3-cat marginal homogeneity,773,,,,,31.3329010580919,2,1.57089437365675e-07
PrgSrvc_Amt_Area,McNemar,decrease (vs not),670,53,24,0.0597014925373134,0.102985074626866,10.1818181818182,1,0.00141832255460523
PrgSrvc_Amt_Area,McNemar,increase (vs not),670,66,88,0.229850746268657,0.197014925373134,2.86363636363636,1,0.0906024670029109
PrgSrvc_Amt_Area,Stuart-Maxwell,3-cat marginal homogeneity,665,,,,,11.5182175143823,2,0.00315392125585402
